FirstName,LastName,Dob,Gender
Beverly,Boyd,1991-04-08,F
Diane,Fowler,1993-06-13,F
Joshua,Peterson,1993-08-24,M
Randy,Bailey,1990-02-20,M
Eric,Sanders,1990-02-19,M
Bonnie,Ryan,1992-10-11,F
Joseph,Mills,1993-02-23,M
Alice,Butler,1993-06-01,F
Evelyn,Myers,1990-03-23,F
Mary,Berry,1991-03-11,F
Aaron,Chapman,1993-11-19,M
Louise,Smith,1991-12-02,F
Shawn,Martin,1992-08-12,M
Aaron,Black,1990-07-26,M
Aaron,Holmes,1991-09-17,M
Scott,Collins,1991-02-05,M
Adam,Dean,1990-10-10,M
Marilyn,Martinez,1992-11-01,F
Jeffrey,Olson,1991-05-21,M
Emily,Moreno,1992-12-21,F
Julia,Jordan,1992-04-12,F
Alan,Woods,1991-04-30,M
Phyllis,Hamilton,1991-04-02,F
Walter,Ray,1992-12-25,M
Tina,Harvey,1991-04-24,F
Martin,Nguyen,1993-12-08,M
Lois,Larson,1992-04-01,F
Martha,Taylor,1991-05-25,F
Michael,Watkins,1990-07-22,M
Christine,Perry,1990-12-20,F
Craig,Ferguson,1990-08-28,M
Frances,Schmidt,1991-06-07,F
Daniel,Duncan,1992-05-27,M
Peter,Mendoza,1993-04-18,M
James,Sims,1993-09-02,M
Rachel,Collins,1993-06-01,F
Alan,Ryan,1989-12-31,M
Andrea,Stevens,1991-07-22,F
Brenda,Crawford,1992-07-19,F
Martha,Burns,1992-10-30,F
Timothy,Shaw,1991-05-28,M
Stephanie,Jones,1991-08-27,F
Brandon,Hawkins,1992-01-13,M
Amanda,Chapman,1992-02-19,F
Robert,Torres,1990-01-09,M
Douglas,Garrett,1991-07-09,M
Cheryl,Willis,1990-11-10,F
Stephen,Griffin,1992-06-24,M
Ashley,Thomas,1992-05-25,F
Henry,Welch,1992-05-22,M
Anna,Hamilton,1991-01-23,F
Sharon,White,1992-08-13,F
Judy,Henderson,1993-03-03,F
Robert,Ortiz,1992-05-10,M
Timothy,Perez,1993-01-17,M
Ronald,Clark,1991-07-03,M
Carol,Hunt,1992-01-18,F
Anthony,Freeman,1993-09-05,M
Julia,Gutierrez,1993-08-03,F
Margaret,Harper,1990-10-16,F
Aaron,Fowler,1991-12-20,M
Louise,Ellis,1992-05-05,F
Aaron,Williamson,1993-05-14,M
Alice,Cook,1992-08-08,F
Debra,Stevens,1992-10-23,F
Harold,Fisher,1990-10-28,M
Roy,Foster,1993-03-01,M
Bobby,Cooper,1991-06-17,M
Sara,Burns,1989-12-21,F
Judy,Sanders,1990-05-13,F
Martin,Frazier,1993-11-05,M
Earl,Cunningham,1991-09-16,M
Donna,Ellis,1991-12-29,F
Norma,Ramirez,1992-02-17,F
Fred,Wells,1993-05-24,M
Shirley,Howard,1990-04-20,F
Sarah,Garza,1990-11-11,F
Rachel,Matthews,1992-09-25,F
Katherine,Flores,1990-11-08,F
Harold,Lopez,1993-08-26,M
Ernest,Tucker,1991-03-13,M
Linda,Ray,1993-01-05,F
Kelly,Stevens,1993-09-13,F
Roger,Mendoza,1991-10-17,M
Lawrence,Taylor,1992-03-08,M
Bonnie,Simmons,1990-04-24,F
Roy,Marshall,1990-07-19,M
Evelyn,Perkins,1990-10-06,F
Tammy,Medina,1991-06-18,F
Joyce,Collins,1993-06-03,F
Evelyn,West,1990-05-06,F
Rebecca,Howard,1990-02-21,F
Mary,Griffin,1992-07-19,F
Nicholas,Fuller,1992-06-29,M
Willie,Green,1992-05-03,M
Steven,Stone,1992-01-14,M
Michelle,Cook,1992-08-07,F
Donald,Coleman,1991-06-13,M
Marie,Cunningham,1990-05-01,F
Jonathan,Collins,1992-02-17,M
Johnny,Chapman,1990-08-28,M
Laura,Bowman,1991-09-14,F
Ashley,Matthews,1992-08-15,F
Ernest,Gibson,1990-06-10,M
Kevin,Anderson,1993-04-22,M
Carol,Wood,1992-06-23,F
Carl,Ferguson,1993-11-05,M
Juan,Romero,1993-05-29,M
Nicole,Boyd,1993-04-17,F
James,Romero,1993-01-01,M
Raymond,Banks,1993-06-20,M
Harry,Burke,1990-03-24,M
Jason,Garcia,1991-11-25,M
Chris,Carter,1993-11-10,M
Diane,Bryant,1990-12-25,F
Judy,Howell,1993-09-18,F
Norma,Adams,1993-06-13,F
Christopher,Fuller,1993-08-30,M
Victor,Fowler,1993-01-18,M
Eugene,Howell,1992-12-25,M
Andrew,Brown,1993-08-31,M
William,Hunter,1993-06-13,M
Tina,Harper,1993-07-31,F
Timothy,Diaz,1992-07-07,M
Michelle,Shaw,1993-09-04,F
Johnny,Cooper,1990-11-04,M
Lisa,Rogers,1991-09-15,F
Carol,Murray,1992-04-01,F
Jacqueline,Wilson,1991-11-05,F
Steve,Franklin,1990-04-15,M
